Year,EV_2W,EV_3W,EV_Cars,EV_Buses,EV_Total,YoY_Growth_%
2018,4200,110,83,5,4398,0.0
2019,9977,544,252,17,10790,145.33879035925418
2020,11330,1032,273,23,12658,17.312326227988883
2021,15108,1159,379,28,16674,31.726971085479548
2022,17266,1495,409,29,19199,15.143336931750028
2023,22215,2134,444,35,24828,29.319235376842535
2024,27980,2568,667,39,31254,25.88206863218947
2025,30121,3165,819,40,34145,9.250015997952254
