Year,EV_2W,EV_3W,EV_Cars,EV_Buses,EV_Total,YoY_Growth_%
2018,5855,146,102,11,6114,0.0
2019,11666,527,299,16,12508,104.57965325482502
2020,12389,1061,329,29,13808,10.393348257115441
2021,17503,1741,386,32,19662,42.39571263035921
2022,19329,2021,590,46,21986,11.81975383989422
2023,24730,2500,785,51,28066,27.653961611934875
2024,26371,2643,820,65,29899,6.531033991306212
2025,28590,3345,963,76,32974,10.284624903842943
